{
  "timestamp": "2026-01-26T00:37:32.067Z",
  "algorithm": "simulated_annealing_matrix",
  "iterations": 100000,
  "validSwapsAttempted": 10320,
  "timeElapsed": "0.1",
  "initialBurden": 12932.366333333337,
  "optimizedBurden": 12624.613500000067,
  "reduction": 307.75283333327025,
  "reductionPercent": 2.3797101427604432,
  "initialStdDev": 40.24060049890208,
  "optimizedStdDev": 33.113072933203206,
  "trackChanges": {
    "improved": 26,
    "worsened": 26,
    "unchanged": 6
  }
}